14:52:27.947827; 627587467; Игорь Семёнов; /hi
14:52:37.801024; 627587467; Игорь Семёнов; /calc 2+2
14:52:43.910879; 627587467; Игорь Семёнов; /help
14:57:50.909399; 627587467; Игорь Семёнов; /help
14:57:57.165109; 627587467; Игорь Семёнов; /time
14:59:26.502325; 627587467; Игорь Семёнов; /time
15:06:06.279003; 627587467; Игорь Семёнов; /hi
<built-in method today of type object at 0x00007FFE53D58CD0>; 15:18:48.896334; 627587467; Игорь Семёнов; /hi
<built-in method today of type object at 0x00007FFE53D58CD0>; 15:18:52.870898; 627587467; Игорь Семёнов; /time
2022-10-27 15:20:06.173364; 15:20:06.173364; 627587467; Игорь Семёнов; /time
2022-10-27 15:20:21.304737; 15:20:21.304736; 627587467; Игорь Семёнов; /time
2022-10-27 15:22:05.570765; 627587467; Игорь Семёнов; /hi
2022-10-27 16:24:08.312727; 627587467; Игорь Семёнов; /hi
2022-10-27 16:24:08.708715; 627587467; Игорь Семёнов; /help
2022-10-27 16:24:15.259100; 627587467; Игорь Семёнов; /hi
2022-10-27 16:24:19.689992; 627587467; Игорь Семёнов; /phone
2022-10-27 18:56:38.730815; 627587467; Игорь Семёнов; /help
2022-10-27 20:14:57.824924; 627587467; Игорь Семёнов; /hi
2022-10-27 20:22:46.902929; 627587467; Игорь Семёнов; /hi
2022-10-27 20:22:52.635385; 627587467; Игорь Семёнов; /phone
2022-10-27 21:04:01.308990; 627587467; Игорь Семёнов; /hi
2022-10-27 21:04:12.300549; 627587467; Игорь Семёнов; /phone
2022-10-27 21:05:00.306201; 627587467; Игорь Семёнов; /time
2022-10-27 21:47:03.980444; 627587467; Игорь Семёнов; /hi
2022-10-27 21:47:09.284122; 627587467; Игорь Семёнов; /phone
2022-10-27 21:49:53.171860; 627587467; Игорь Семёнов; /hi
2022-10-27 21:49:57.549054; 627587467; Игорь Семёнов; /phone
2022-10-27 21:53:29.194272; 627587467; Игорь Семёнов; /hi
2022-10-27 21:53:34.243001; 627587467; Игорь Семёнов; /phone
2022-10-27 21:55:25.289122; 627587467; Игорь Семёнов; /hi
2022-10-27 21:55:34.982138; 627587467; Игорь Семёнов; /phone
2022-10-27 21:55:49.872956; 627587467; Игорь Семёнов; /hi
2022-10-27 21:57:08.907638; 627587467; Игорь Семёнов; /phone
2022-10-27 21:57:16.516596; 627587467; Игорь Семёнов; /hi
2022-10-27 21:58:29.660915; 627587467; Игорь Семёнов; /phone
2022-10-27 22:01:46.308594; 627587467; Игорь Семёнов; /phone
2022-10-27 22:05:02.619305; 627587467; Игорь Семёнов; /phone
2022-10-27 22:06:45.176313; 627587467; Игорь Семёнов; /hi
2022-10-27 22:06:52.045612; 627587467; Игорь Семёнов; /phone
2022-10-27 22:08:11.139213; 627587467; Игорь Семёнов; /hi
2022-10-27 22:08:16.350896; 627587467; Игорь Семёнов; /phone
2022-10-27 22:11:44.762893; 627587467; Игорь Семёнов; /phone
2022-10-28 10:25:28.207537; 627587467; Игорь Семёнов; /hi
2022-10-28 10:25:36.572050; 627587467; Игорь Семёнов; /phone
2022-10-28 10:28:16.124967; 627587467; Игорь Семёнов; /hi
2022-10-28 10:28:20.739460; 627587467; Игорь Семёнов; /phone
2022-10-28 10:29:38.359968; 627587467; Игорь Семёнов; /help
2022-10-28 10:29:58.302366; 627587467; Игорь Семёнов; /phone
2022-10-28 17:34:37.556914; 627587467; Игорь Семёнов; /hi
2022-10-28 20:12:06.051649; 627587467; Игорь Семёнов; /help
2022-10-28 20:54:47.505035; 627587467; Игорь Семёнов; /hi
2022-10-28 20:54:52.494728; 627587467; Игорь Семёнов; /calc
2022-10-28 20:57:04.915011; 627587467; Игорь Семёнов; /hi
2022-10-28 20:57:14.964404; 627587467; Игорь Семёнов; /help
2022-10-28 20:57:19.956401; 627587467; Игорь Семёнов; /time
2022-10-28 20:57:36.072569; 627587467; Игорь Семёнов; /calc
2022-10-28 21:03:46.426551; 627587467; Игорь Семёнов; /hi
2022-10-28 21:03:50.309550; 627587467; Игорь Семёнов; /calc
2022-10-28 21:27:44.765555; 627587467; Игорь Семёнов; /hi
2022-10-28 21:45:29.011118; 627587467; Игорь Семёнов; /hi
2022-10-28 21:47:57.805759; 627587467; Игорь Семёнов; /hi
2022-10-29 19:29:37.568433; 627587467; Игорь Семёнов; /hi
2022-10-29 19:54:02.662161; 627587467; Игорь Семёнов; /hi
2022-10-29 19:54:03.043163; 627587467; Игорь Семёнов; /hi
2022-10-29 19:54:09.186550; 627587467; Игорь Семёнов; /help
2022-10-29 19:54:09.347601; 627587467; Игорь Семёнов; /help
2022-10-29 19:56:06.738506; 627587467; Игорь Семёнов; /time
2022-10-29 19:56:06.871787; 627587467; Игорь Семёнов; /time
2022-10-29 19:59:50.036501; 627587467; Игорь Семёнов; /hi
2022-10-29 19:59:50.399447; 627587467; Игорь Семёнов; /hi
2022-10-29 20:07:00.021596; 627587467; Игорь Семёнов; /hi
2022-10-29 20:07:00.149543; 627587467; Игорь Семёнов; /hi
2022-10-29 20:10:01.863558; 627587467; Игорь Семёнов; /help
2022-10-29 20:10:02.270833; 627587467; Игорь Семёнов; /help
2022-10-29 20:10:20.942498; 627587467; Игорь Семёнов; /hye
2022-10-29 20:10:21.104664; 627587467; Игорь Семёнов; /hye
2022-10-29 20:14:36.401764; 627587467; Игорь Семёнов; /hye
2022-10-29 20:14:36.558968; 627587467; Игорь Семёнов; /hye
2022-10-29 20:20:49.950421; 627587467; Игорь Семёнов; /hi
2022-10-29 20:21:00.499172; 627587467; Игорь Семёнов; /help
2022-10-29 20:21:11.820734; 627587467; Игорь Семёнов; /time
2022-10-29 21:05:04.929980; 627587467; Игорь Семёнов; /count
2022-10-29 21:20:29.881757; 627587467; Игорь Семёнов; /hi
2022-10-29 21:20:47.597544; 627587467; Игорь Семёнов; /count
2022-10-29 21:24:49.872680; 627587467; Игорь Семёнов; /time
2022-10-29 21:37:28.120253; 627587467; Игорь Семёнов; /count
2022-10-31 13:45:01.294591; 627587467; Игорь Семёнов; /hi
2022-10-31 13:45:06.725189; 627587467; Игорь Семёнов; /help
2022-10-31 13:45:16.954372; 627587467; Игорь Семёнов; /time
2022-10-31 13:45:21.096442; 627587467; Игорь Семёнов; /calc
2022-10-31 13:49:30.189286; 627587467; Игорь Семёнов; /calc
2022-10-31 13:51:18.661492; 627587467; Игорь Семёнов; /calc
2022-10-31 13:52:28.859626; 627587467; Игорь Семёнов; /help
2022-10-31 13:52:34.451986; 627587467; Игорь Семёнов; /calc
2022-10-31 13:55:12.876611; 627587467; Игорь Семёнов; /calc
2022-10-31 14:08:33.087220; 627587467; Игорь Семёнов; /hi
2022-10-31 14:08:37.869965; 627587467; Игорь Семёнов; /calc
2022-10-31 14:10:53.315025; 627587467; Игорь Семёнов; /calc
2022-10-31 14:11:19.297876; 627587467; Игорь Семёнов; /hi
2022-10-31 14:13:05.003378; 627587467; Игорь Семёнов; /calc
2022-10-31 14:14:11.385717; 627587467; Игорь Семёнов; /hi
2022-10-31 14:14:14.956256; 627587467; Игорь Семёнов; /calc
2022-10-31 14:16:59.885995; 627587467; Игорь Семёнов; /calc
2022-10-31 14:17:54.100898; 627587467; Игорь Семёнов; /calc
2022-10-31 14:26:05.010857; 627587467; Игорь Семёнов; /calc
2022-10-31 14:29:59.878744; 627587467; Игорь Семёнов; /calc
2022-10-31 14:30:17.565245; 627587467; Игорь Семёнов; /calc
2022-10-31 14:35:46.935304; 627587467; Игорь Семёнов; /calc
2022-10-31 14:46:27.309904; 627587467; Игорь Семёнов; /calc
2022-10-31 15:37:17.191962; 627587467; Игорь Семёнов; /hi
2022-10-31 16:09:02.201586; 627587467; Игорь Семёнов; /hi
2022-10-31 16:53:19.200600; 627587467; Игорь Семёнов; /hi
2022-10-31 17:29:11.561578; 627587467; Игорь Семёнов; /time
2022-10-31 17:47:57.139211; 627587467; Игорь Семёнов; /hi
2022-10-31 19:16:01.326289; 627587467; Игорь Семёнов; /hi
2022-10-31 19:25:07.971861; 627587467; Игорь Семёнов; /hi
2022-10-31 19:31:47.456208; 627587467; Игорь Семёнов; /hi
2022-10-31 19:31:49.852548; 627587467; Игорь Семёнов; /time
2022-10-31 19:31:53.655997; 627587467; Игорь Семёнов; /calc
2022-10-31 19:32:10.255799; 627587467; Игорь Семёнов; 17*2
2022-10-31 19:32:19.907756; 627587467; Игорь Семёнов; /stop
2022-10-31 19:35:31.082427; 627587467; Игорь Семёнов; /calc
2022-10-31 19:35:38.014449; 627587467; Игорь Семёнов; 7*4
2022-10-31 19:35:43.081274; 627587467; Игорь Семёнов; /stop
2022-10-31 19:41:16.913676; 627587467; Игорь Семёнов; /phone
2022-10-31 19:41:37.781352; 627587467; Игорь Семёнов; /hi
2022-10-31 19:48:33.796192; 627587467; Игорь Семёнов; /phone
2022-10-31 20:18:28.432791; 627587467; Игорь Семёнов; /calc
2022-10-31 20:18:36.949305; 627587467; Игорь Семёнов; 17-4
2022-10-31 20:18:41.832789; 627587467; Игорь Семёнов; /stop
2022-11-01 11:18:25.555471; 627587467; Игорь Семёнов; /hi
2022-11-01 11:18:32.938759; 627587467; Игорь Семёнов; /calc
2022-11-01 11:18:37.911330; 627587467; Игорь Семёнов; 7*8
2022-11-01 11:18:41.633273; 627587467; Игорь Семёнов; /stop
2022-11-01 11:18:47.289470; 627587467; Игорь Семёнов; /phone
2022-11-01 11:18:55.876237; 627587467; Игорь Семёнов; 4
2022-11-01 11:19:11.585510; 627587467; Игорь Семёнов; /stop
2022-11-01 11:19:38.792228; 627587467; Игорь Семёнов; /phone
2022-11-01 11:19:49.197357; 627587467; Игорь Семёнов; 2+2
2022-11-01 11:19:54.024482; 627587467; Игорь Семёнов; /stop
2022-11-01 11:24:29.668895; 627587467; Игорь Семёнов; /hi
2022-11-01 11:24:34.073344; 627587467; Игорь Семёнов; /phone
2022-11-01 11:50:03.780114; 627587467; Игорь Семёнов; /hi
2022-11-01 11:50:09.041500; 627587467; Игорь Семёнов; /phone
2022-11-01 11:53:44.598496; 627587467; Игорь Семёнов; /phone
2022-11-01 11:59:22.923296; 627587467; Игорь Семёнов; /phone
2022-11-01 12:02:45.146285; 627587467; Игорь Семёнов; /hi
2022-11-01 12:02:49.063440; 627587467; Игорь Семёнов; /phone
2022-11-01 12:04:48.798576; 627587467; Игорь Семёнов; /phone
2022-11-01 12:24:00.042807; 627587467; Игорь Семёнов; /phone
2022-11-01 12:31:54.120809; 627587467; Игорь Семёнов; /phone
2022-11-01 12:37:27.465321; 627587467; Игорь Семёнов; /phone
2022-11-01 12:41:01.281747; 627587467; Игорь Семёнов; /phone
2022-11-01 12:52:51.272040; 627587467; Игорь Семёнов; /phone
2022-11-01 13:01:28.517303; 627587467; Игорь Семёнов; /phone
2022-11-01 13:23:21.665926; 627587467; Игорь Семёнов; /phone
2022-11-01 13:25:37.525027; 627587467; Игорь Семёнов; /phone
2022-11-01 13:27:24.418799; 627587467; Игорь Семёнов; /phone
2022-11-01 13:28:02.385926; 627587467; Игорь Семёнов; /phone
2022-11-01 14:01:25.169016; 627587467; Игорь Семёнов; /phone
2022-11-01 18:08:01.878367; 627587467; Игорь Семёнов; /hi
2022-11-01 18:08:07.531008; 627587467; Игорь Семёнов; /calc
2022-11-01 18:08:18.390381; 627587467; Игорь Семёнов; 128/7
2022-11-01 18:08:37.446769; 627587467; Игорь Семёнов; /Yes
2022-11-01 18:08:58.094595; 627587467; Игорь Семёнов; 14**4
2022-11-01 18:09:05.439599; 627587467; Игорь Семёнов; /stop
2022-11-01 18:09:11.583358; 627587467; Игорь Семёнов; /phone
2022-11-01 18:11:50.693170; 627587467; Игорь Семёнов; /phone
2022-11-01 18:14:36.522864; 627587467; Игорь Семёнов; /phone
2022-11-01 18:26:32.572809; 627587467; Игорь Семёнов; /phone
2022-11-01 18:30:49.671897; 627587467; Игорь Семёнов; /phone
2022-11-01 18:40:11.461911; 627587467; Игорь Семёнов; /phone
2022-11-01 19:02:37.474331; 627587467; Игорь Семёнов; /phone
2022-11-01 19:06:38.919345; 627587467; Игорь Семёнов; /phone
2022-11-01 19:36:12.920856; 627587467; Игорь Семёнов; /phone
2022-11-01 19:38:13.232438; 627587467; Игорь Семёнов; /phone
2022-11-01 19:45:11.361145; 627587467; Игорь Семёнов; /phone
2022-11-01 19:50:34.720320; 627587467; Игорь Семёнов; /phone
2022-11-01 19:57:54.854956; 627587467; Игорь Семёнов; /calc
2022-11-01 19:58:13.540181; 627587467; Игорь Семёнов; 2+2
2022-11-01 19:58:19.305786; 627587467; Игорь Семёнов; /stop
2022-11-01 20:19:02.424913; 627587467; Игорь Семёнов; /hi
2022-11-01 20:19:09.375948; 627587467; Игорь Семёнов; /phone
2022-11-01 20:30:51.697113; 627587467; Игорь Семёнов; /phone
2022-11-01 21:09:04.270717; 627587467; Игорь Семёнов; /phone
2022-11-01 21:14:58.827929; 627587467; Игорь Семёнов; /phone
2022-11-01 21:19:39.716387; 627587467; Игорь Семёнов; /phone
2022-11-01 21:21:01.789012; 627587467; Игорь Семёнов; /hi
2022-11-01 21:21:04.875394; 627587467; Игорь Семёнов; /phone
2022-11-01 21:25:03.619261; 627587467; Игорь Семёнов; /phone
2022-11-01 21:31:58.589320; 627587467; Игорь Семёнов; /phone
2022-11-01 21:38:54.865797; 627587467; Игорь Семёнов; /phone
2022-11-01 21:40:04.632082; 627587467; Игорь Семёнов; /calc
2022-11-01 21:40:21.266023; 627587467; Игорь Семёнов; 2+2
2022-11-01 21:40:32.439428; 627587467; Игорь Семёнов; /stop
2022-11-01 21:44:48.733804; 627587467; Игорь Семёнов; /calc
2022-11-01 21:44:59.578414; 627587467; Игорь Семёнов; 2**3
2022-11-01 21:45:09.927443; 627587467; Игорь Семёнов; /stop
2022-11-01 22:02:39.056638; 627587467; Игорь Семёнов; /phone
2022-11-01 22:09:18.769923; 627587467; Игорь Семёнов; /phone
2022-11-01 22:21:35.463520; 627587467; Игорь Семёнов; /help
2022-11-01 22:30:10.776565; 627587467; Игорь Семёнов; /help
2022-11-01 22:30:37.984483; 627587467; Игорь Семёнов; /help
2022-11-01 22:30:41.977985; 627587467; Игорь Семёнов; /hi
2022-11-01 22:30:57.651525; 627587467; Игорь Семёнов; /time
2022-11-01 22:31:04.287423; 627587467; Игорь Семёнов; /calc
2022-11-01 22:31:19.805083; 627587467; Игорь Семёнов; 17*3
2022-11-01 22:31:25.590977; 627587467; Игорь Семёнов; /stop
2022-11-01 22:31:31.432987; 627587467; Игорь Семёнов; /phone
2022-11-01 22:31:40.762031; 627587467; Игорь Семёнов; /phone
2022-11-01 22:32:31.824807; 627587467; Игорь Семёнов; /phone
2022-11-01 22:37:18.959368; 867349832; Kirill Semenov; /help
2022-11-01 22:37:24.313933; 867349832; Kirill Semenov; /hi
2022-11-01 22:37:27.785011; 867349832; Kirill Semenov; /time
2022-11-01 22:37:36.496217; 867349832; Kirill Semenov; /calc
2022-11-01 22:37:52.701183; 867349832; Kirill Semenov; 17*2
2022-11-01 22:37:57.912037; 867349832; Kirill Semenov; да
2022-11-01 22:38:10.869125; 867349832; Kirill Semenov; 192-92/2
2022-11-01 22:38:30.974072; 867349832; Kirill Semenov; /stop
2022-11-01 22:38:37.284280; 867349832; Kirill Semenov; /phone
2022-11-02 11:10:01.791620; 627587467; Игорь Семёнов; /hi
2022-11-02 11:10:09.835823; 627587467; Игорь Семёнов; /phone
2022-11-02 19:36:52.156873; 627587467; Игорь Семёнов; /calc
2022-11-02 19:37:18.867172; 627587467; Игорь Семёнов; /hi
2022-11-02 19:37:32.298644; 627587467; Игорь Семёнов; 2+2
2022-11-02 19:37:39.040656; 627587467; Игорь Семёнов; /stop
2022-11-02 19:37:46.843729; 627587467; Игорь Семёнов; /phone
2022-11-02 19:39:27.798854; 627587467; Игорь Семёнов; /help
2022-11-02 19:40:35.903911; 627587467; Игорь Семёнов; /hi
2022-11-02 19:40:38.253122; 627587467; Игорь Семёнов; /time
2022-11-02 19:40:42.200179; 627587467; Игорь Семёнов; /calc
2022-11-02 19:40:56.766499; 627587467; Игорь Семёнов; /stop
2022-11-02 19:44:28.924834; 627587467; Игорь Семёнов; 2
2022-11-02 19:44:55.197194; 627587467; Игорь Семёнов; /stop
2022-11-02 21:18:03.861107; 627587467; Игорь Семёнов; /phone
2022-11-02 21:26:52.093971; 627587467; Игорь Семёнов; /phone
2022-11-02 21:34:49.805897; 627587467; Игорь Семёнов; /phone
2022-11-02 21:36:09.669107; 627587467; Игорь Семёнов; /hi
2022-11-02 21:36:19.879084; 627587467; Игорь Семёнов; /phone
2022-11-02 21:53:32.375237; 627587467; Игорь Семёнов; /phone
2022-11-03 11:57:29.296594; 627587467; Игорь Семёнов; /hi
2022-11-03 11:57:47.680783; 627587467; Игорь Семёнов; /help
2022-11-03 12:43:49.653651; 627587467; Игорь Семёнов; /hi
2022-11-03 12:43:53.565917; 627587467; Игорь Семёнов; /phone
2022-11-03 12:46:29.981011; 627587467; Игорь Семёнов; /phone
2022-11-03 13:21:18.628067; 627587467; Игорь Семёнов; /phone
2022-11-03 13:22:36.272821; 627587467; Игорь Семёнов; /phone
2022-11-03 13:27:27.916349; 627587467; Игорь Семёнов; /phone
2022-11-03 13:36:10.489347; 627587467; Игорь Семёнов; /phone
2022-11-03 13:46:51.271583; 627587467; Игорь Семёнов; /phone
2022-11-03 13:50:18.490360; 627587467; Игорь Семёнов; /phone
2022-11-03 13:57:30.058304; 627587467; Игорь Семёнов; /phone
2022-11-03 14:00:59.765818; 627587467; Игорь Семёнов; /phone
2022-11-03 14:08:44.061241; 627587467; Игорь Семёнов; /phone
2022-11-03 14:13:42.273393; 627587467; Игорь Семёнов; /phone
2022-11-03 14:18:08.629174; 627587467; Игорь Семёнов; /phone
2022-11-03 14:20:24.231384; 627587467; Игорь Семёнов; /phone
2022-11-03 14:22:35.840617; 627587467; Игорь Семёнов; /phone
2022-11-03 14:33:54.588850; 627587467; Игорь Семёнов; /phone
2022-11-03 14:45:13.976944; 627587467; Игорь Семёнов; /phone
2022-11-03 14:48:53.060831; 627587467; Игорь Семёнов; /phone
2022-11-03 14:53:01.075052; 627587467; Игорь Семёнов; /phone
2022-11-03 14:57:26.867808; 627587467; Игорь Семёнов; /phone
2022-11-03 15:00:53.254987; 627587467; Игорь Семёнов; /phone
2022-11-03 15:04:30.120473; 627587467; Игорь Семёнов; /phone
2022-11-03 15:13:57.043258; 627587467; Игорь Семёнов; /phone
2022-11-03 15:16:44.572265; 627587467; Игорь Семёнов; /phone
2022-11-03 15:19:08.277868; 627587467; Игорь Семёнов; /phone
2022-11-03 15:21:38.378182; 627587467; Игорь Семёнов; /phone
2022-11-03 15:24:33.222742; 627587467; Игорь Семёнов; /phone
2022-11-03 17:08:35.285644; 627587467; Игорь Семёнов; /phone
2022-11-03 17:10:00.837395; 627587467; Игорь Семёнов; /phone
2022-11-03 17:14:46.062019; 627587467; Игорь Семёнов; /phone
2022-11-03 17:26:26.710365; 627587467; Игорь Семёнов; /phone
2022-11-03 17:42:06.042758; 627587467; Игорь Семёнов; /phone
2022-11-03 17:46:32.303416; 627587467; Игорь Семёнов; /phone
2022-11-03 17:48:13.360037; 627587467; Игорь Семёнов; /phone
2022-11-03 18:23:53.325956; 627587467; Игорь Семёнов; /phone
2022-11-03 18:52:30.079574; 627587467; Игорь Семёнов; /phone
2022-11-03 18:57:20.276087; 627587467; Игорь Семёнов; /phone
2022-11-03 20:12:31.817108; 627587467; Игорь Семёнов; /phone
2022-11-03 20:30:55.039461; 627587467; Игорь Семёнов; /phone
2022-11-03 20:33:12.566384; 627587467; Игорь Семёнов; /phone
2022-11-03 20:38:02.698731; 627587467; Игорь Семёнов; /phone
2022-11-03 20:44:45.307303; 627587467; Игорь Семёнов; /phone
2022-11-03 21:10:05.114948; 627587467; Игорь Семёнов; /phone
2022-11-03 21:15:46.423933; 627587467; Игорь Семёнов; /phone
2022-11-03 21:23:04.424695; 627587467; Игорь Семёнов; /phone
2022-11-03 21:34:07.052799; 627587467; Игорь Семёнов; /phone
2022-11-03 21:58:43.722734; 627587467; Игорь Семёнов; /phone
2022-11-03 22:00:57.912408; 627587467; Игорь Семёнов; /phone
2022-11-03 22:07:55.089936; 627587467; Игорь Семёнов; /phone
2022-11-03 22:10:03.342391; 627587467; Игорь Семёнов; /phone
2022-11-03 22:16:53.112399; 627587467; Игорь Семёнов; /phone
2022-11-03 23:01:03.731578; 627587467; Игорь Семёнов; /phone
2022-11-03 23:03:13.186518; 627587467; Игорь Семёнов; /phone
2022-11-03 23:17:31.542334; 627587467; Игорь Семёнов; /phone
2022-11-03 23:18:49.682738; 627587467; Игорь Семёнов; /phone
2022-11-03 23:20:12.345464; 627587467; Игорь Семёнов; /phone
2022-11-03 23:31:05.348517; 627587467; Игорь Семёнов; /phone
2022-11-03 23:39:06.451798; 627587467; Игорь Семёнов; /phone
2022-11-03 23:51:57.250072; 627587467; Игорь Семёнов; /phone
2022-11-03 23:52:58.802640; 627587467; Игорь Семёнов; /phone
2022-11-04 00:04:16.774797; 627587467; Игорь Семёнов; /phone
2022-11-04 00:10:36.709990; 627587467; Игорь Семёнов; /phone
2022-11-04 10:50:37.479079; 627587467; Игорь Семёнов; /hi
2022-11-04 10:50:42.586119; 627587467; Игорь Семёнов; /phone
2022-11-04 10:54:23.545571; 627587467; Игорь Семёнов; /phone
2022-11-04 10:55:24.390896; 627587467; Игорь Семёнов; /phone
2022-11-04 11:01:46.490543; 627587467; Игорь Семёнов; /phone
2022-11-04 11:34:37.723251; 627587467; Игорь Семёнов; /phone
2022-11-04 11:44:58.246069; 627587467; Игорь Семёнов; /phone
2022-11-04 12:31:51.331170; 627587467; Игорь Семёнов; /phone
2022-11-04 12:34:34.182279; 627587467; Игорь Семёнов; /phone
2022-11-04 12:44:19.902972; 627587467; Игорь Семёнов; /phone
2022-11-04 12:53:26.291949; 867349832; Kirill Semenov; /help
2022-11-04 12:53:34.293268; 867349832; Kirill Semenov; /phone
2022-11-04 12:56:52.495983; 867349832; Kirill Semenov; /help
2022-11-04 12:56:56.784159; 867349832; Kirill Semenov; /phone
2022-11-04 15:54:13.642917; 627587467; Игорь Семёнов; /hi
2022-11-04 18:39:45.415644; 627587467; Игорь Семёнов; /help
2022-11-04 18:40:21.720822; 627587467; Игорь Семёнов; /hi
2022-11-04 18:40:26.190098; 627587467; Игорь Семёнов; /time
2022-11-04 18:40:35.589531; 627587467; Игорь Семёнов; /calc
2022-11-04 18:41:25.229816; 627587467; Игорь Семёнов; (25/5)**3
2022-11-04 18:41:41.634428; 627587467; Игорь Семёнов; yes
2022-11-04 18:42:01.405297; 627587467; Игорь Семёнов; 7*8
2022-11-04 18:42:07.547496; 627587467; Игорь Семёнов; /stop
2022-11-04 18:42:28.841552; 627587467; Игорь Семёнов; /help
2022-11-04 18:42:32.711287; 627587467; Игорь Семёнов; /conv
2022-11-04 18:42:43.830521; 627587467; Игорь Семёнов; /phone
2022-11-04 19:50:48.498861; 627587467; Игорь Семёнов; /phone
2022-11-04 19:53:45.127585; 627587467; Игорь Семёнов; /phone
2022-11-04 19:56:19.081033; 627587467; Игорь Семёнов; /phone
2022-11-04 19:59:08.768402; 627587467; Игорь Семёнов; /phone
2022-11-04 20:26:46.092569; 627587467; Игорь Семёнов; /phone
2022-11-04 20:30:22.101573; 627587467; Игорь Семёнов; /phone
2022-11-04 20:34:01.555529; 627587467; Игорь Семёнов; /phone
2022-11-04 21:09:27.336276; 627587467; Игорь Семёнов; /phone
2022-11-04 22:09:14.514952; 627587467; Игорь Семёнов; /help
2022-11-04 22:09:37.070702; 627587467; Игорь Семёнов; /time
2022-11-04 22:09:52.981582; 627587467; Игорь Семёнов; /calc
2022-11-04 22:10:09.079479; 627587467; Игорь Семёнов; 293*7
2022-11-04 22:10:16.990818; 627587467; Игорь Семёнов; yes
2022-11-04 22:10:24.587425; 627587467; Игорь Семёнов; 12+8
2022-11-04 22:10:32.387120; 627587467; Игорь Семёнов; /stop
2022-11-04 22:10:49.685348; 627587467; Игорь Семёнов; /hi
2022-11-04 22:11:08.825452; 627587467; Игорь Семёнов; /phone
2022-11-04 22:20:30.122866; 627587467; Игорь Семёнов; /phone
2022-11-04 22:25:19.713655; 627587467; Игорь Семёнов; /phone
2022-11-04 22:57:42.942931; 627587467; Игорь Семёнов; /conv
2022-11-05 14:23:27.521611; 627587467; Игорь Семёнов; /conv
2022-11-05 14:26:24.828845; 627587467; Игорь Семёнов; /conv
2022-11-05 14:27:19.575935; 627587467; Игорь Семёнов; /conv
2022-11-05 14:34:04.131107; 627587467; Игорь Семёнов; /conv
2022-11-05 14:37:30.384678; 627587467; Игорь Семёнов; /conv
2022-11-05 14:45:07.982093; 627587467; Игорь Семёнов; /conv
2022-11-05 14:47:38.155076; 627587467; Игорь Семёнов; /conv
2022-11-05 14:48:17.520067; 627587467; Игорь Семёнов; /conv
2022-11-05 14:56:17.381498; 627587467; Игорь Семёнов; /conv
2022-11-05 14:58:11.765117; 627587467; Игорь Семёнов; /conv
2022-11-05 14:58:58.853929; 627587467; Игорь Семёнов; /help
2022-11-05 15:02:29.512890; 627587467; Игорь Семёнов; /conv
2022-11-05 15:03:19.398855; 627587467; Игорь Семёнов; /conv
2022-11-05 15:06:28.868521; 627587467; Игорь Семёнов; /help
2022-11-05 15:06:38.851779; 627587467; Игорь Семёнов; /conv
2022-11-05 15:56:47.973373; 627587467; Игорь Семёнов; /time
2022-11-05 15:57:02.124310; 627587467; Игорь Семёнов; /help
2022-11-05 15:57:06.754958; 627587467; Игорь Семёнов; /time
2022-11-05 16:00:11.914744; 627587467; Игорь Семёнов; /time
2022-11-05 16:01:32.720945; 627587467; Игорь Семёнов; /time
2022-11-05 16:08:32.561882; 627587467; Игорь Семёнов; /time
2022-11-05 16:09:29.830475; 627587467; Игорь Семёнов; /time
2022-11-05 16:12:52.615282; 627587467; Игорь Семёнов; /time
2022-11-05 16:13:02.488054; 627587467; Игорь Семёнов; /time
2022-11-05 16:16:27.952384; 627587467; Игорь Семёнов; /time
2022-11-05 16:16:59.820271; 627587467; Игорь Семёнов; /time
2022-11-05 16:18:32.663680; 627587467; Игорь Семёнов; /time
2022-11-05 16:20:17.230956; 627587467; Игорь Семёнов; /time
2022-11-05 16:20:27.225019; 627587467; Игорь Семёнов; /time
2022-11-05 16:20:32.578763; 627587467; Игорь Семёнов; /time
2022-11-05 16:20:37.220597; 627587467; Игорь Семёнов; /time
2022-11-05 16:20:40.627669; 627587467; Игорь Семёнов; /time
2022-11-05 16:20:44.677607; 627587467; Игорь Семёнов; /time
2022-11-05 16:20:49.399230; 627587467; Игорь Семёнов; /time
2022-11-05 16:20:52.310952; 627587467; Игорь Семёнов; /time
2022-11-05 16:20:54.745900; 627587467; Игорь Семёнов; /time
2022-11-05 16:20:57.545049; 627587467; Игорь Семёнов; /time
2022-11-05 16:21:00.250314; 627587467; Игорь Семёнов; /time
2022-11-05 16:21:01.908024; 627587467; Игорь Семёнов; /time
2022-11-05 16:21:03.776862; 627587467; Игорь Семёнов; /time
2022-11-05 16:21:07.407930; 627587467; Игорь Семёнов; /time
2022-11-05 16:23:28.549592; 627587467; Игорь Семёнов; /time
2022-11-05 16:26:43.810792; 627587467; Игорь Семёнов; /time
2022-11-05 16:26:48.258781; 627587467; Игорь Семёнов; /time
2022-11-05 16:27:14.458611; 627587467; Игорь Семёнов; /time
2022-11-05 16:27:16.983555; 627587467; Игорь Семёнов; /time
2022-11-05 16:27:18.721724; 627587467; Игорь Семёнов; /time
2022-11-05 16:27:24.104043; 627587467; Игорь Семёнов; /time
2022-11-05 16:27:28.705470; 627587467; Игорь Семёнов; /time
2022-11-05 16:27:33.832715; 627587467; Игорь Семёнов; /time
2022-11-05 16:27:40.011235; 627587467; Игорь Семёнов; /time
2022-11-05 16:27:44.575477; 627587467; Игорь Семёнов; /time
2022-11-05 16:27:48.898044; 627587467; Игорь Семёнов; /time
2022-11-05 16:27:52.742701; 627587467; Игорь Семёнов; /time
2022-11-05 16:27:55.791247; 627587467; Игорь Семёнов; /time
2022-11-05 16:27:59.052145; 627587467; Игорь Семёнов; /time
2022-11-05 16:28:01.409391; 627587467; Игорь Семёнов; /time
2022-11-05 16:28:04.339050; 627587467; Игорь Семёнов; /time
2022-11-05 16:33:41.655533; 627587467; Игорь Семёнов; /time
2022-11-05 16:42:05.457047; 627587467; Игорь Семёнов; /time
2022-11-05 16:44:12.371382; 627587467; Игорь Семёнов; /time
2022-11-05 16:51:23.681678; 627587467; Игорь Семёнов; /time
2022-11-05 16:52:59.391544; 627587467; Игорь Семёнов; /time
2022-11-05 16:55:16.890216; 627587467; Игорь Семёнов; /hi
2022-11-05 16:55:22.139719; 627587467; Игорь Семёнов; /help
2022-11-05 16:55:27.685989; 627587467; Игорь Семёнов; /time
2022-11-05 16:55:36.587302; 627587467; Игорь Семёнов; /calc
2022-11-05 16:55:49.805060; 627587467; Игорь Семёнов; 939+747
2022-11-05 16:56:03.062092; 627587467; Игорь Семёнов; yes
2022-11-05 16:56:24.319411; 627587467; Игорь Семёнов; 7/3
2022-11-05 16:56:38.132641; 627587467; Игорь Семёнов; yes
2022-11-05 16:56:56.863965; 627587467; Игорь Семёнов; 10-20
2022-11-05 16:57:10.654870; 627587467; Игорь Семёнов; /stop
2022-11-05 16:57:16.791583; 627587467; Игорь Семёнов; /help
2022-11-05 16:57:21.187557; 627587467; Игорь Семёнов; /conv
2022-11-05 16:58:47.379906; 627587467; Игорь Семёнов; /help
2022-11-05 16:58:53.146510; 627587467; Игорь Семёнов; /phone
2022-11-05 17:36:53.771407; 627587467; Игорь Семёнов; /help
2022-11-05 17:36:57.597336; 627587467; Игорь Семёнов; /hi
2022-11-05 17:37:01.784009; 627587467; Игорь Семёнов; /time
2022-11-05 17:37:11.220557; 627587467; Игорь Семёнов; /calc
2022-11-05 17:37:16.445838; 627587467; Игорь Семёнов; 5*5
2022-11-05 17:37:20.602728; 627587467; Игорь Семёнов; y
2022-11-05 17:37:25.963244; 627587467; Игорь Семёнов; 7**3
2022-11-05 17:37:33.759772; 627587467; Игорь Семёнов; /stop
2022-11-05 17:37:40.827232; 627587467; Игорь Семёнов; /conv
2022-11-05 17:38:33.839439; 627587467; Игорь Семёнов; /conv
2022-11-05 17:39:03.446860; 627587467; Игорь Семёнов; /phone
2022-11-05 17:50:08.630921; 627587467; Игорь Семёнов; /conv
2022-11-05 17:54:10.472116; 627587467; Игорь Семёнов; /conv
2022-11-05 18:00:55.694110; 627587467; Игорь Семёнов; /conv
2022-11-05 18:05:40.872831; 627587467; Игорь Семёнов; /conv
2022-11-05 18:22:24.782463; 627587467; Игорь Семёнов; /conv
2022-11-05 21:21:49.665090; 627587467; Игорь Семёнов; /conv
2022-11-05 21:25:55.570468; 627587467; Игорь Семёнов; /conv
2022-11-05 21:27:08.775093; 627587467; Игорь Семёнов; /help
2022-11-05 21:27:11.363085; 627587467; Игорь Семёнов; /hi
2022-11-05 21:27:16.197775; 627587467; Игорь Семёнов; /time
2022-11-05 21:27:29.564180; 627587467; Игорь Семёнов; /calc
2022-11-05 21:27:40.158438; 627587467; Игорь Семёнов; 5+5
2022-11-05 21:27:44.483310; 627587467; Игорь Семёнов; /stop
2022-11-05 21:27:50.014356; 627587467; Игорь Семёнов; /conv
2022-11-05 21:29:51.234785; 627587467; Игорь Семёнов; /phone
2022-11-05 21:36:46.369632; 627587467; Игорь Семёнов; /help
2022-11-05 21:36:51.602135; 627587467; Игорь Семёнов; /hi
2022-11-05 21:36:55.468513; 627587467; Игорь Семёнов; /time
2022-11-05 21:37:21.484319; 627587467; Игорь Семёнов; /calc
2022-11-05 21:37:34.423128; 627587467; Игорь Семёнов; (2+3)**3
2022-11-05 21:37:41.422269; 627587467; Игорь Семёнов; /stop
2022-11-05 21:37:47.759042; 627587467; Игорь Семёнов; /conv
2022-11-05 21:39:09.470767; 627587467; Игорь Семёнов; /phone
2022-11-06 02:21:05.315516; 627587467; Игорь Семёнов; /hi
2022-11-06 11:53:29.601832; 627587467; Игорь Семёнов; /hi
2022-11-06 12:00:34.480752; 5305388871; Марина Чекмарева; /help
2022-11-06 12:01:08.508582; 5305388871; Марина Чекмарева; /help
2022-11-06 12:01:48.098943; 5305388871; Марина Чекмарева; /help
2022-11-06 12:01:50.592618; 5305388871; Марина Чекмарева; /help
2022-11-06 12:02:25.967469; 5305388871; Марина Чекмарева; /time
2022-11-06 12:03:04.287956; 5305388871; Марина Чекмарева; /time
2022-11-06 12:03:09.665982; 5305388871; Марина Чекмарева; /hi
2022-11-06 12:04:02.799355; 5305388871; Марина Чекмарева; /hi
2022-11-06 12:05:09.828871; 5305388871; Марина Чекмарева; /calc
2022-11-06 12:08:18.818446; 5305388871; Марина Чекмарева; /phone
2022-11-06 12:10:00.584724; 5305388871; Марина Чекмарева; 2+2
2022-11-06 12:10:35.995586; 5305388871; Марина Чекмарева; /stop
2022-11-06 12:11:13.470277; 5305388871; Марина Чекмарева; /phone
